entity,dim_0,dim_1,dim_2,dim_3,dim_4,dim_5,dim_6,dim_7,dim_8,dim_9,dim_10,dim_11,dim_12,dim_13,dim_14,dim_15,dim_16,dim_17,dim_18,dim_19,dim_20,dim_21,dim_22,dim_23,dim_24,dim_25,dim_26,dim_27,dim_28,dim_29,dim_30,dim_31,dim_32,dim_33,dim_34,dim_35,dim_36,dim_37,dim_38,dim_39,dim_40,dim_41,dim_42,dim_43,dim_44,dim_45,dim_46,dim_47,dim_48,dim_49,dim_50,dim_51,dim_52,dim_53,dim_54,dim_55,dim_56,dim_57,dim_58,dim_59,dim_60,dim_61,dim_62,dim_63,dim_64,dim_65,dim_66,dim_67,dim_68,dim_69,dim_70,dim_71,dim_72,dim_73,dim_74,dim_75,dim_76,dim_77,dim_78,dim_79,dim_80,dim_81,dim_82,dim_83,dim_84,dim_85,dim_86,dim_87,dim_88,dim_89,dim_90,dim_91,dim_92,dim_93,dim_94,dim_95,dim_96,dim_97,dim_98,dim_99
一位端,0.029924544,-0.05225302,0.0065877903,0.010599494,-0.06799507,-0.13641794,0.099961534,-0.016296387,-0.038523458,0.02599473,0.14641693,-0.017786643,0.036494214,0.105382755,-0.0691298,-0.007995102,0.019858196,-0.02648616,-0.11668959,0.076977134,-0.014098471,0.14148133,-0.06083565,-0.050533257,0.083373256,0.004790536,-0.11938275,0.009672773,-0.057727538,-0.13472715,-0.0057526776,0.05357372,-0.0892136,-0.048208665,0.038809996,0.032801293,-0.120418385,0.045623377,-0.11211952,0.021511514,0.049970683,-0.08683038,0.15753222,0.061708108,0.10161924,0.089448586,-0.09133882,0.04704372,0.20359977,-0.0016963198,-0.03707119,-0.03490507,0.1479425,-0.078693725,0.002674907,-0.018735204,0.07788685,0.16131906,0.06585324,0.05917886,0.010228756,0.06649436,0.17429887,-0.071833916,-0.07036046,0.13832675,-0.15114944,-0.032335766,-0.17446782,0.04350119,0.15526468,-0.21265572,-0.13750441,0.04064232,-0.19605303,0.08860875,0.017739726,-0.16068096,-0.11293245,-0.010323746,-0.17389756,-0.17851998,0.06610022,-0.04964241,0.13082704,0.1833273,0.12267442,-0.01901307,-0.20592067,-0.05215669,-0.09218848,0.020603588,0.075693235,-0.03756985,-0.14448142,-0.072031766,-0.1229281,-0.15450723,-0.005062212,-0.2222468
不设车顶，车底为平底或浴盆型，供运输各种无需严格防止湿损、日晒的货物的车辆,0.03893639,0.078412525,-0.029484205,-0.018993592,0.021826157,0.15925664,0.046909507,-0.10347857,0.16177973,-0.0033899406,-0.0048766425,-0.048407413,-0.21760756,0.13002133,0.018378481,0.007534395,0.011326267,-0.16309749,-0.004818919,0.12679254,-0.1220963,-0.12531702,0.038445,-0.034179706,-0.14063847,0.10477139,-0.09373085,-0.1913177,-0.21529806,0.12586886,0.105886616,-0.044389583,-0.027751425,-0.025774246,-0.16103403,0.017489307,-0.062814124,-0.039612062,-0.04602643,-0.19714363,0.028484808,0.08120855,-0.06528488,0.14194672,2.9154191e-05,-0.089296535,-0.021826673,-0.15634315,0.14149861,-0.029775692,-0.15790746,-0.09263481,0.042386,0.016944924,-0.032713905,-0.10897586,-0.16470705,-0.0047218422,0.108124115,0.038197886,0.12321635,0.14604908,0.09491484,0.0666384,-0.1411256,-0.11098839,0.006851143,-0.048256822,0.16893667,0.028199121,0.058606196,-0.051712867,0.0537513,-0.019590268,0.047230557,-0.11235665,-0.135525,-0.14946054,-0.06030182,0.024177752,0.14725319,-0.05140089,0.021022819,-0.08989365,-0.1694147,0.08519374,-0.03719495,-0.033382747,0.1641435,-0.14866629,-0.014202864,0.062130004,0.0059213825,0.09460203,-0.11999826,0.08708888,0.07449498,0.1909298,-0.043787956,-0.023138026
供运输货物和为此服务的或原则上编组在货物列车中使用的车辆,-0.0021535128,-0.17357989,0.05905249,0.20488814,0.03185792,-0.06980633,0.08566044,0.07477363,-0.09915314,-0.023053758,0.15782177,0.06504414,-0.101452544,-0.113393694,-0.06694281,0.028830428,0.026976371,0.0019490359,0.074437894,0.07876247,-0.06692959,-0.06694397,0.04584578,0.19026124,0.009362622,-0.09028789,0.02094511,-0.05503606,0.13542241,0.12647907,-0.073580235,-0.14594235,-0.16435507,-0.046358973,-0.09658509,-0.013066197,-0.12204341,-0.0673449,0.0044204127,-0.14328218,0.04781506,0.099510856,-0.13739108,-0.00401383,-0.0042925915,-0.033696294,-0.17603657,-0.16877365,-0.05721516,-0.0059123402,0.0738313,-0.034058828,0.067468,-0.10020438,-0.19230542,-0.14055969,-0.15217127,-0.00937768,0.08835992,-0.12106357,-0.13538645,0.07606853,-0.15829104,0.10781582,-0.069725774,-0.08005845,0.118289776,-0.14170866,0.055174723,-0.149232,0.09441052,0.16270816,0.06134495,0.006203297,-0.001628789,-0.01710204,0.027601508,-0.13934769,-0.1853109,0.040603053,0.024386229,0.0533116,0.0929668,0.06378936,0.0573449,-0.13456239,-0.033704415,0.07491034,0.11993986,-0.104455054,0.16473562,-0.117259845,0.06646011,-0.010907457,0.11293627,-0.058892373,-0.03750015,0.07951221,0.1249742,-0.16163427
供运送旅客和为此服务的或原则上编组在旅客列车中使用的车辆,-0.035956044,0.036158454,0.048894193,0.13424933,-0.07329055,-0.029523853,-0.10302813,-0.12911715,0.100949936,0.18193927,0.13393258,0.07457912,-0.067665085,-0.1449955,-0.116089106,0.074077494,-0.03857267,0.08311438,-0.11849228,0.19597858,-0.010811084,-0.12052972,0.030053891,0.067783855,0.0761445,0.1423533,-0.13328823,-0.031148234,-0.17137128,0.06722698,0.17204137,-0.042733755,0.14761055,0.10390836,-0.13862011,-0.05288009,0.028638756,-0.041575816,-0.02549952,0.08720941,-0.023943096,-0.03861225,0.1297181,-0.114721306,0.077399954,-0.11445515,0.07404526,-0.05072769,0.10278556,-0.055667598,0.018444864,-0.14052323,-0.2121963,0.1177768,0.094524235,0.11182363,-0.018003792,0.00666724,0.15703258,-0.048547395,0.06649817,0.08814274,-0.094545886,0.056223065,0.027238328,0.09611793,0.071384296,-0.15251729,-0.026180035,0.012737649,-0.15775172,-0.017838104,0.039357785,0.18108046,0.19258289,-0.1841458,-0.20341502,0.005725271,-0.084411316,0.13753612,0.054510567,-0.054540556,0.040193122,0.042445548,-0.040290967,0.0076375604,-0.10918903,-0.05992623,-0.004998781,0.06126007,-0.0024350155,-0.012732218,0.03168914,-0.15613005,-0.03785175,0.1319945,-0.0061304173,0.012093812,0.17810874,0.08252914
保温车,-0.13454388,0.121677704,-0.05973484,-0.08002569,0.06127943,0.10177294,0.11156735,0.11234095,-0.1230586,-0.060971536,0.15916438,-0.05836234,0.1609536,-0.10537745,-0.055601213,0.087318584,0.019054223,0.032080814,-0.034363125,0.12981598,0.06828386,0.120147154,0.05392327,0.0451421,0.14047125,0.11763554,0.099664815,0.07397995,0.040834747,-0.03231249,-0.13492006,-0.027539717,-0.17260788,-0.11261691,-0.095526,-0.055527873,0.12198497,-0.066659935,-0.14169525,0.09948128,0.08429714,-0.15507308,0.13814567,-0.10667986,0.0036574462,0.034127075,0.11837066,0.032883395,0.0156162195,-0.021535762,0.15630251,0.17369455,-0.047199693,0.113141105,0.07706871,0.13577132,-0.12416033,0.038727574,-0.06890842,0.042064115,0.024009826,0.06617971,-0.017300542,0.0077350056,-0.1221141,-0.069497935,-0.046479136,0.11384246,0.107721634,0.07715996,0.12770404,-0.12348483,0.09696421,-0.14901417,-0.15715882,-0.017299766,0.069747485,0.015796483,0.11981679,-0.14127359,-0.14078249,-0.11319944,0.035413954,-0.12774624,0.1527576,-0.052672148,0.027586902,-0.1406413,-0.1114374,-0.044574887,-0.12871651,0.020561282,-0.15965626,0.1317009,0.06559092,-0.062417127,-0.044940103,0.087293506,-0.094721206,0.1589153
全金属车,0.09265842,0.08793961,0.080201425,0.002714744,0.0057887505,0.1408124,-0.15139462,0.010159198,-0.07695948,0.05973792,0.007388272,-0.15925974,0.14729443,0.067727484,-0.06498863,0.09782665,0.09588846,0.12586217,-0.11649026,-0.06835901,0.15712266,0.04462912,0.024218103,-0.034802273,0.01968913,0.011317268,-0.04553408,0.02261679,-0.10652218,-0.17867143,0.029281659,-0.13130881,0.049970884,-0.07613504,0.087480955,0.12320351,-0.108698085,-0.15242533,0.09576967,-0.14507885,0.15116924,0.009931262,0.17479396,-0.13676043,-0.025656093,-0.05885927,-0.10941281,0.17674357,-0.029470012,0.063866295,0.15339708,0.07505861,0.19624595,-0.13522239,0.07542556,0.1504985,0.13682918,0.0026742676,-0.014133323,-0.024394594,0.16000813,-0.0088781025,0.05266674,-0.10779544,0.06488949,0.08754933,-0.11499478,0.12662852,0.08632745,-0.09262078,-0.107895546,-0.1032996,-0.04609386,-0.14334545,-0.1241197,0.07028723,-0.122276016,0.12582357,0.009421446,0.14820807,0.062175803,-0.025256384,-0.049952134,-0.05068072,-0.002568099,0.078170165,0.15454482,-0.10295871,-0.13228615,0.075871356,-0.07772638,0.18058746,-0.02769306,-0.055306908,-0.0855005,-0.027084544,0.055602167,-0.15764289,0.030165177,-0.015124186
冷藏车,-0.10874774,-0.032148946,-0.033242095,-0.13169202,0.106503375,-0.03620636,0.028381485,0.0071989433,-0.11340162,0.07377302,-0.07511496,-0.20362552,-0.036521494,-0.0976684,0.10766155,-0.039556082,-0.073079176,0.005061286,0.07631311,-0.039981194,0.19588852,0.12899421,0.064935796,-0.07258814,0.15692903,0.09437271,0.0781716,0.14457057,0.10181248,-0.16939676,-0.08938154,-0.014218178,0.057137627,-0.16073132,-0.04404442,-0.19496901,0.12004026,-0.00539433,0.0038525634,-0.100441195,0.11949164,-0.15743703,0.037334897,0.1207803,-0.16629274,0.080447994,0.15212095,0.09693499,0.046535548,0.1624065,-0.026180236,0.022286475,0.14366345,-0.12047953,-0.037511118,-0.13310377,-0.07058031,0.0061739404,-4.4178665e-05,-0.03261805,0.14512599,0.051241513,0.1996083,0.059226476,0.032993823,0.17432977,-0.017867483,-0.06616852,0.054865584,-0.038751278,-0.06741135,-0.06694681,-0.12275554,-0.054581344,-0.18483707,0.07325041,-0.10142825,-0.14309877,-0.115626976,-0.12609534,0.028627852,-0.20315883,-0.005134623,0.063400164,-0.081799015,0.054115973,0.03501837,0.08132586,0.009455699,-0.03409315,0.02063614,0.014382814,-0.014933269,-0.19312927,-0.086965255,-0.07759672,-0.01875986,-0.012390834,-0.09219877,-0.12374148
凹底平车,-0.04186027,-0.00296169,-0.1386732,0.10587417,0.02591843,0.05328027,-0.0034316038,-0.08118257,-0.04044262,-0.15280485,-0.1338229,-0.13682318,0.0039066225,0.14240032,0.21320786,-0.09951991,-0.14172542,-0.039553624,-0.12426534,0.08512408,-0.0003278044,-0.16659038,0.17120963,-0.0590758,0.0657045,0.08558404,0.060279977,0.12698494,-0.09164431,-0.1597437,0.045024324,0.12033528,-0.01467462,-0.016528493,0.07525341,-0.11905077,-0.19243003,-0.100931,0.015802212,0.009582087,0.052654598,-0.015438053,-0.10701791,0.05976432,0.08414376,0.1496297,0.054874636,-0.056737404,0.008347575,0.006917833,-0.035877366,-0.036788173,0.032089453,0.0141974995,-0.021256994,0.03070309,0.0760225,0.08241719,0.02478587,-0.19003953,0.008401149,-0.19032587,0.10778639,-0.15806021,0.0875151,0.05139409,-0.18082666,-0.049203936,-0.14373551,0.06898409,0.1813549,0.011101903,-0.15499401,-0.03583742,-0.17144023,0.07985027,0.10197383,-0.14378163,-0.09703438,-0.09005182,-0.07268288,-0.15750788,-0.115735896,0.038720906,-0.05588317,0.035265427,0.028235042,-0.0036362382,-0.13952331,-0.1081593,-0.09751087,-0.10318398,-0.123601496,0.11326472,0.119913526,-0.076102,-0.035092365,-0.032954495,0.085108586,0.107963115
动车组,-0.09578162,0.07186433,-0.10794598,-0.06435318,0.12966098,-0.096150346,0.17411351,0.07381389,-0.010479574,-0.09002482,-0.16603044,0.0622187,0.17105451,-0.11728204,0.13006565,0.12910703,-0.088617496,0.105092466,0.08757983,0.16350295,0.053326532,0.06021222,0.077985995,0.05013821,0.078614876,0.02953812,0.05326144,-0.1323953,0.031103697,0.086553276,-0.15455297,-0.099696174,-0.06509185,0.011936557,0.09193722,-0.043251757,-0.02370486,-0.03184698,0.0468872,0.09759591,0.0049364544,-0.07323662,0.079022944,0.10771946,-0.14250754,-0.019774653,0.05671112,-0.08651206,0.10608107,0.050994813,0.12689367,0.04561084,-0.10317275,0.028752001,0.16251309,-0.118245974,0.13938572,0.0071107196,-0.1282713,0.06917177,-0.119226,-0.16575474,0.038745575,-0.17699194,0.15040798,0.10792294,-0.13654664,-0.046568263,0.14547893,0.0033709274,0.043605566,0.06599094,0.10753914,0.08660956,-0.08090384,0.07816423,0.14230597,0.16744523,0.16121897,0.13195966,-0.13749354,-0.03818091,0.068746366,0.09094067,0.014037289,0.015358096,-0.02877168,-0.029489983,-0.17194737,-0.11892828,0.06491573,-0.05531068,0.17734197,0.015008256,0.022500971,-0.104320936,0.049162906,-0.08661924,-0.14634348,0.07177033
双层客车,0.061455503,0.13091922,-0.06399222,0.09195817,0.16508776,0.13297018,-0.046651155,0.04380866,-0.07274444,0.056411736,-0.1750319,-0.04155517,0.08665573,0.052396405,-0.061662186,-0.153873,0.04110025,0.06785637,0.051883694,-0.17258376,-0.10697692,0.11244022,0.21322455,-0.13933863,0.14089316,-0.059949156,0.003166896,-0.0014470023,-0.0029756783,0.035094798,0.074930035,-0.07014259,0.049477197,0.047641378,0.16940445,0.09901398,-0.07271735,-0.01596182,0.07660114,-0.0002019698,0.116485976,-0.06683078,-0.0017437855,-0.14971097,0.035380714,0.13267112,0.073761925,-0.032003887,-0.08515345,0.013640005,0.08354042,0.03234253,-0.03379577,-0.12914422,0.03834805,0.118000574,-0.04655703,0.02065944,0.056529555,0.086813204,0.12165386,-0.13468136,-0.07783087,-0.07853409,0.21259223,0.11629955,-0.048199713,0.034668274,0.05139044,0.118160196,0.12687983,-0.021722026,-0.07492304,-0.074704275,0.004558535,0.101948395,-0.0640137,-0.14009923,-0.098458566,-0.15391102,-0.109079204,-0.045313925,-0.1923021,-0.21954988,0.18829177,0.06664228,-0.045561094,-0.12308522,-0.07737547,0.18385474,-0.009992294,0.1745691,0.12830916,0.11209966,0.05108668,0.051170025,0.028502287,0.028842652,0.07402136,-0.07910748
发电车,-0.13982543,-0.10423736,-0.012040089,0.08490092,0.07688743,-0.025595594,0.08743478,-0.09584593,-0.091143444,-0.15441965,0.07078665,-0.076496966,0.056190703,0.021234045,-0.031835146,0.06714194,-0.19644758,-0.0764492,0.02961688,0.12624402,0.13099466,-0.16117547,0.13980621,-0.17536652,0.0022425654,0.08208528,0.12932685,-0.12336366,0.017941324,-0.17236136,-0.10396376,0.17622751,0.14739287,0.012214963,0.025600163,-0.15659006,0.11411573,0.123099245,-0.11883303,0.048615582,0.10325343,-0.028325176,-0.054576814,-0.15471546,0.11438962,0.09541862,0.100725606,-0.01797732,-0.06653514,0.17338324,-0.0462608,0.099037096,-0.102175064,-0.058074336,-0.036197152,0.08355162,-0.120905094,0.102109104,-0.14617987,-0.126964,-0.15501979,-0.14028077,0.048930757,-0.061534297,-0.06452028,-0.046958733,0.011479959,0.11508671,-0.0033293124,0.068706915,0.0396597,-0.096650474,0.097630695,-0.082170375,-0.06818182,0.01565831,0.13993607,0.03340518,0.058393095,0.1179374,-0.14160213,0.053344443,-0.1458376,-0.019107828,-0.01011217,0.032478902,0.031387843,0.022574594,2.9565228e-05,0.057083577,-0.14576888,0.07751909,0.1233258,0.093309484,-0.0028474575,-0.17757235,-0.087381594,-0.15834472,-0.12994595,0.019281501
在铁路轨道上用于运送旅客、货物和为此服务或原则上编组在旅客列车、货物列车中使用的单元载运工具,-0.0816703,0.055457316,-0.02350644,-0.0433509,0.0066443905,-0.086745024,0.032149155,-0.18306942,0.17932928,0.013814643,-0.15860364,-0.04128289,-0.08036228,0.019358087,-0.18696252,0.09728743,0.049281552,0.08207821,0.09278284,0.14251462,-0.059806846,-0.12859306,-0.033484563,0.0122558065,-0.043362755,-0.12645954,-0.01926322,0.031284247,0.10330297,-0.021372955,0.08809873,-0.08255738,0.09540896,0.16417675,-0.13446973,-0.12706055,0.024216393,0.14628544,0.0124172345,-0.011238396,0.026608529,0.11321205,0.0869105,-0.04132116,-0.09348012,-0.15536565,0.023246882,-0.019990308,0.029459367,0.03749847,0.06530157,-0.09601897,-0.017577022,-0.13831504,-0.10865403,0.047092747,0.15253745,0.0061578183,0.038833417,0.12510736,-0.11320636,0.01916667,-0.07875355,0.012877579,0.036740575,-0.1786488,-0.12237981,-0.21292058,0.05695529,-0.06908323,-0.13672559,0.17368925,0.15873039,0.19473897,0.12941214,-0.08653373,-0.055305988,0.14334546,-0.05493756,-0.08619215,0.19888997,0.04809413,0.13244914,0.027455356,0.09074796,-0.18203832,0.062241502,-0.05316929,0.068850905,0.07561094,-0.09375498,-0.09417671,0.055037186,-0.1475539,0.06880463,0.07762035,-0.11631746,0.099744074,-0.04326119,-0.057663515
型式试验,0.05289321,0.10217574,-0.107147284,0.12887454,-0.038888674,-0.19030784,-0.13338788,0.16358879,0.028817935,-0.15139598,0.050811995,-0.2143254,0.02909993,-0.08154495,0.07288563,-0.105489,0.09317319,0.0064603244,0.01121099,0.080210246,-0.10605626,0.10652663,0.13816313,-0.1587542,0.16199474,-0.10909211,0.15063119,0.016805038,-0.06601023,0.015710682,-0.15753022,0.026592292,0.09871657,0.073952936,0.1655049,-0.13104722,-0.020337127,-0.05847353,-0.09816013,0.02999145,-0.040801484,-0.04026263,-0.020179182,-0.047469426,-0.1298892,0.14897391,0.04477301,0.08691132,0.18781526,0.045954034,0.059635732,-0.029739615,0.028566135,-0.09397469,0.05387854,-0.043871626,0.16373007,-0.045133438,-0.18149234,0.06762194,-0.005300223,-0.015066961,0.038605858,0.06119258,-0.022330858,-0.07733591,-0.014009963,0.13164395,0.031779617,0.11788388,-0.043738406,-0.019678764,-0.15560395,0.017156154,-0.11321348,-0.13818642,-0.024831777,-0.14371139,0.18146367,0.10023363,0.07734638,-0.17999822,-0.0078762565,-0.07122301,0.09125163,0.0021799505,0.17774552,-0.20193656,0.015270484,-0.007630947,-0.20105104,-0.05710056,-0.057416253,-0.055737145,0.03845829,0.06590479,0.022334252,-0.028817324,-0.072312,-0.03243734
安全及结构强度等条件限定的，车辆能够以该速度持续稳定地运行的最高行驶速度,0.039607152,-0.036648765,0.17337713,0.13014564,-0.087714866,0.1656239,0.03208221,-0.040841363,0.1827984,0.17641291,0.11785844,0.010803746,-0.08006734,0.07929753,0.0020811183,-0.017521502,-0.120963946,0.056867678,-0.09380325,0.022985218,-0.09490284,0.14948142,0.042228114,0.15827382,-0.057950996,0.13726816,-0.0549992,0.056843497,-0.08132068,-0.023320522,0.03997306,-0.14525716,0.0146873,0.051181335,-0.033638146,0.102291696,0.14953382,0.02162535,0.09611474,0.06622261,0.02587892,0.19115312,0.07587735,0.19360295,0.078008376,-0.082580164,0.076246984,0.07685968,-0.1897626,-0.07262046,-0.15416083,0.06663098,-0.07327035,-0.105105266,-0.014609363,-0.026771484,-0.042483717,-0.007593242,-0.096428916,0.00022022707,0.11819271,0.14348948,0.073612824,-0.12138868,0.06002416,-0.06545058,-0.08762537,0.06658375,0.08578245,-0.21421652,0.052965883,-0.015512868,0.1601042,-0.090020776,0.032389488,-0.096527904,0.053377103,0.05780181,0.030993264,0.10634836,-0.097606555,-0.004495914,-0.08199065,0.010141085,-0.14000373,-0.036784764,-0.058046695,0.07125782,-0.027424304,-0.11532104,0.17664032,-0.12604325,0.105262354,-0.077679016,0.19217077,0.029155664,-0.13417411,0.15936586,0.14857692,-0.04711746
客车,-0.1353781,0.09595793,-0.06406795,0.071302526,-0.0035622178,-0.11578913,-0.065315746,-0.034449656,-0.07084128,0.07681106,0.10942826,-0.04029599,0.05493776,-0.14636824,-0.010699832,0.0054277945,-0.10593138,0.14608102,-0.102459006,0.14328153,0.04754812,-0.14024293,0.15886547,-0.02660074,0.17436121,0.18133843,-0.07502552,0.056545183,-0.09024881,0.010791037,0.05775742,0.038483527,0.1015779,0.05501261,-0.016099494,-0.063781895,-0.0497177,-0.118644245,0.0054930984,0.13143417,0.0720776,-0.16349976,0.1793394,-0.14776848,0.050844427,0.01719703,0.15332234,0.06102882,0.14863802,0.045092892,0.12401903,-0.03175563,-0.12678567,0.13945262,0.15246233,0.097802706,-0.014282074,0.07655814,0.060889162,-0.14139907,0.04313847,-0.04047026,-0.026922252,-0.030045016,0.1634194,0.18137832,0.05215304,-0.02707377,-0.09706013,0.112445824,-0.09941477,-0.116311565,0.023137508,0.13149127,0.038450066,-0.17741683,-0.14910524,0.0024220222,0.0152385505,0.12318835,-0.047287274,-0.13418332,-0.10785645,-0.059825186,0.057617795,0.12331939,-0.01775018,-0.182066,-0.10435597,0.1280817,-0.08025032,0.05511326,0.06061732,-0.17157172,-0.11864572,0.003374975,0.03669994,-0.097535014,0.08877358,0.015074802
对车辆的基本参数、结构、性能等是否符合设计要求所做的全面考核试验,0.14735246,0.03746253,0.010909082,0.1872792,-0.13062665,-0.14484324,-0.18118978,0.06558952,0.17191948,-0.042364724,0.069489606,-0.10306402,-0.10216458,-0.062958844,-0.031073838,-0.055873513,0.15467758,-0.057989467,-0.008270142,0.124783345,-0.16732171,0.11727742,0.010330082,-0.081583425,0.05515853,-0.1426118,0.08742175,-0.045340925,-0.15093057,0.054066714,-0.037261646,-0.006397909,0.12853733,0.121320315,0.0433287,-0.0950347,0.0019983812,-0.0133523755,-0.138066,-0.03486255,-0.13371173,0.09711249,-0.08886131,-0.032823313,-0.091725394,0.03366731,-0.022924287,0.017603774,0.1379776,-0.054933384,-0.061334867,-0.14809999,-0.04318498,-0.112106055,-0.027098844,0.01766453,0.14107962,-0.117991626,-0.08296937,0.13326536,0.04253392,0.11625854,-0.0027559197,0.15214592,-0.14128217,-0.16740696,-0.00050027366,0.02744933,0.08490791,0.023382785,-0.10438343,0.049417153,-0.1478763,0.06267838,0.053178176,-0.15154573,-0.09326598,-0.15341267,0.10586098,0.07691545,0.17351863,-0.10055501,0.10456395,0.019774511,0.03344829,-0.11010208,0.084094614,-0.0789733,0.12718505,-0.06074414,-0.13076608,-0.13317513,-0.110998,-0.0526039,0.13339673,0.18332866,-0.029228473,0.08579824,0.041051913,0.012227727
底架沿车辆纵向呈凹形面的长大货物车,0.024487326,-0.07673163,-0.04492633,0.14932087,-0.041347597,0.0714992,-0.02303146,-0.18343474,0.12165073,-0.037190445,-0.13281101,-0.01638079,-0.11205971,0.1307593,0.14748995,-0.006817028,-0.074647576,-0.09259589,-0.1066565,0.14383447,-0.032498434,-0.15294343,0.03125006,0.022110455,-0.058165282,0.076445416,0.033314835,0.056775365,-0.167434,-0.09308452,0.16531914,0.086691,0.027608661,0.029942121,-0.03467378,-0.101690225,-0.12714978,-0.02796947,0.014912838,-0.02027222,-0.06424239,0.113924794,-0.13377081,0.10696173,0.1088451,0.028052723,-0.009368875,-0.15065749,-0.03430606,-0.083133936,-0.1197821,-0.16492066,-0.067736536,0.048046064,-0.046252515,0.05345729,0.09941362,0.010189061,0.11266452,-0.09435822,0.024444833,-0.089961715,0.0513881,-0.07804376,-0.029842254,-0.029610423,-0.16312182,-0.1785011,-0.07658483,-0.036461353,0.1155354,0.09665559,-0.10890025,0.02429048,-0.008731502,0.039964285,0.09219877,-0.12824456,-0.15456244,-0.052387867,0.020066142,-0.07646176,0.024112694,0.14683738,-0.14536464,-0.0871507,-0.05999869,0.120641544,-0.041297182,-0.18267266,-0.001435506,-0.18593496,-0.16000436,0.16276544,0.19609731,0.030804222,-0.05860505,0.07149973,0.15437964,0.19395478
指最高运行速度大于200km/h的客车,0.13375092,-0.17966683,0.060879763,-0.10471114,-0.017609108,-0.08762986,-0.060532264,-0.16821983,0.117808074,0.011594167,0.093657486,0.07213657,-0.10688021,-0.16098492,-0.005225357,0.17814691,0.09001679,0.03217384,-0.120031886,-0.050186373,0.0914671,-0.04600233,-0.048305396,0.16246904,-0.13854925,-0.023146877,-0.061229423,-0.02644755,-0.08737686,0.07775975,-0.03079185,0.071051955,-0.1252409,0.13594492,-0.072325535,-0.06739951,0.11460479,0.1708954,0.13634709,-0.10483266,-0.16987622,-0.0006379624,0.10150588,0.1293614,-0.044402987,0.008393578,-0.13652086,-0.045668487,0.09144738,-0.17218673,-0.05554005,-0.04330325,-0.03431942,-0.16274798,0.029954625,0.17515934,0.14396778,-0.010836772,-0.0006489829,0.020109437,0.09906707,0.12489902,-0.03618721,0.07996442,0.0551246,-0.16738954,0.15727593,-0.118614696,0.090621255,-0.01569468,-0.09324056,0.056057874,0.030816175,-0.11763045,0.0587937,-0.12343673,-0.14365667,0.15366866,-0.13507646,0.04828317,0.092560396,-0.0077001015,0.12877528,-0.00786863,-0.15868387,-0.060843986,-0.031924684,0.15122296,-0.042949293,0.045848127,0.14280522,0.026473861,-0.16446726,0.13082278,-0.011529401,0.010149464,-0.01923704,-0.02534065,0.029938849,-0.004771929
摆式客车,0.04384765,0.12394874,-0.15037964,-0.052656893,0.15201366,-0.13916565,0.10387323,0.05477582,-0.10843669,-0.1359753,0.004071486,-0.034509238,0.09194655,-0.10608373,0.083313175,-0.15217553,-0.08598993,-0.00023303463,-0.05970158,-0.10997913,0.08044676,-0.13802586,0.13876092,0.047785908,-0.046531755,0.014655314,0.05120907,0.14579745,0.018160922,-0.18160288,-0.06918496,0.11346049,-0.008925022,-0.11182703,-0.035937723,-0.010133572,0.009251731,0.04681558,0.15477295,0.14943364,0.17028792,0.02536266,-0.11707733,-0.15227833,-0.18166457,0.14225778,0.015097559,0.14117073,-0.11092973,0.0449986,0.08048696,0.06644961,-0.11782053,0.035871085,-0.10045274,-0.18649781,0.09633017,0.099894635,-0.15140767,0.08732191,0.010504748,-0.10290681,0.17422046,-0.0002690149,-0.04497496,0.11721404,-0.027174886,0.17104502,-0.08258161,0.1263435,0.024970395,0.049209233,-0.16197,0.026572185,-0.13466962,-0.13671902,0.11258502,-0.02043123,-0.078413405,0.15462983,-0.011977003,0.01502393,-0.04100481,-0.01833798,0.09862174,0.08602505,0.012520797,0.06597123,0.043375615,-0.1024889,0.0027374958,-0.02963398,-0.047752447,0.14262457,0.044811763,0.051794343,0.0696359,-0.069926016,0.042568456,-0.19797717
敞车,-0.044898305,0.13853256,-0.13680714,-0.08023774,0.08274287,0.12010869,0.09939096,-0.003977351,0.062327005,-0.09915626,-0.0006552289,-0.16416281,-0.13679792,0.13839689,0.1199328,-0.038554877,-0.03660659,-0.09546114,0.0019521151,0.075209305,-0.07580702,-0.15059422,0.15892798,-0.14044896,-0.076277256,0.16489957,-0.029140836,-0.13167849,-0.18071313,0.071050815,-0.002063138,-0.012176371,-0.056472257,-0.065007895,-0.06500093,-0.022142153,-0.08077787,-0.10420206,-0.002816821,-0.16427924,0.12991905,-0.03145314,0.0015469148,0.12019717,0.0010053464,0.04131504,0.023711141,-0.06044073,0.1791066,0.06607,-0.06014118,0.019274209,0.13872606,0.018002983,0.0087046875,-0.13967237,-0.1281155,0.040942986,0.025872108,-0.020802218,0.09259704,0.050164565,0.18739353,-0.010397109,-0.03548091,-0.050220817,-0.026431484,0.062146034,0.093878604,0.111532025,0.09693668,-0.14343272,0.050306533,-0.07700236,-0.09636576,-0.1239869,-0.063529745,-0.14671504,0.0048369616,0.027914202,0.045147378,-0.13114677,-0.10088872,-0.2058203,-0.14345556,0.19355558,0.04701905,-0.15239835,0.07695467,-0.090728775,-0.09115757,0.14113013,0.020882316,0.105308674,-0.18434925,-0.022159463,0.1003564,0.10508461,-0.12707178,-0.09846804
构造速度,-0.042119604,0.03245477,0.07736221,0.06677474,-0.033052325,0.12336336,0.062514976,0.01630499,0.07658996,0.07909843,0.081698954,-0.118794784,0.019367244,0.0981573,0.05493434,-0.0830208,-0.15615302,0.12945743,-0.082423806,-0.033060238,-0.061118606,0.11311923,0.15180396,0.051547963,0.03458665,0.1486203,-0.0038649833,0.15753762,0.0037482327,-0.08209146,-0.044000495,-0.09497564,0.0036077236,0.034482706,0.057942357,0.052072655,0.109759755,-0.0023134695,0.14259882,0.09479307,0.12326515,0.08715401,0.13915627,0.15743922,0.04961304,0.028254392,0.13844487,0.17681459,-0.16631176,0.022805104,-0.05965845,0.16126296,0.029815998,-0.11976503,0.0012823661,-0.05423305,-0.0004890083,0.062128123,-0.16612414,-0.063461564,0.09815758,0.036264565,0.12476351,-0.190737,0.17652348,-0.02401688,-0.1333999,0.15646417,-0.016981684,-0.12354589,0.08230841,-0.08648752,0.1573918,-0.12481454,-0.10986372,-0.12437648,0.09307047,0.061180323,0.07851274,0.060304582,-0.15834686,-0.074148625,-0.18707457,-0.092360996,-0.07023535,0.059602752,0.043093804,-0.06461144,-0.10267851,-0.0065515754,0.07388784,-0.06695551,0.13325186,-0.1234213,0.13821074,-0.078339845,-0.112402014,0.08287945,0.07190041,-0.16366097
棚车,0.11175514,0.1250897,-0.03841284,-0.057194598,-0.09626156,-0.05289198,-0.008151158,0.17481486,-0.01594558,-0.03922603,-0.07158551,0.07061064,0.100524746,0.1302751,0.080339484,-0.036622148,-0.036553863,0.091500096,-0.17946279,-0.11864115,0.1058921,-0.16130668,0.13300277,-0.00040144654,0.0238583,0.003906959,0.08555104,0.014311683,0.05948874,0.105163425,-0.02242744,-0.096851826,0.12430129,0.0023236284,0.0021145209,0.091267645,0.14483882,-0.18505529,-0.13552563,0.1782787,0.12544285,-0.015472544,0.032849982,-0.019535996,-0.013025853,0.15649602,-0.004147553,0.09370263,-0.10963723,0.09041775,-0.066444896,0.16884506,0.111821465,-0.06322648,-0.10899914,0.12422403,0.13367526,-0.095775,-0.051461715,-0.18723,-0.13517323,-0.10045115,0.091644384,-0.02631209,0.14188562,0.06781418,-0.056761406,0.06879146,-0.19856013,0.019227257,0.15563771,-0.012044361,-0.17194058,0.06841801,-0.08205227,0.03980927,0.095324956,0.004940776,0.14463961,-0.14215165,0.029999673,-0.0075224033,-0.08317523,-0.07042619,-0.07404969,0.05605295,0.018184457,0.025610331,-0.12174989,0.11500283,-0.0023162414,0.16206071,-0.17873296,0.11242878,-0.10075555,-0.07982969,-0.04587391,0.051122524,0.051678468,0.1415754
由动车与拖车组成固定编组使用的车组,-0.015469773,-0.0033756574,-0.02169426,-0.006141288,0.053205673,-0.07374873,0.13543913,-0.010537373,0.115651034,0.021594787,-0.15602972,0.16271035,0.047539152,-0.12140601,0.032223724,0.18995558,0.0021268567,0.022995118,0.0922494,0.19686934,-0.00063741265,0.07218348,-0.05456586,0.13055502,-0.027080333,-0.0016354403,0.00022878371,-0.20933205,-0.052856497,0.13667679,-0.040458765,-0.120059766,0.0044320733,0.06810593,-0.014417251,-0.019237861,0.022993574,0.019723468,0.011646852,0.06113794,-0.09595913,0.027936827,0.032437157,0.12859757,-0.098750465,-0.14744836,-0.034196917,-0.18612821,0.07827536,-0.060640883,0.027958563,-0.06284213,-0.19111094,0.06453529,0.13001123,-0.095926605,0.109154694,-0.065451086,-0.033997163,0.16093747,-0.10925165,-0.056195043,-0.023052368,-0.06258942,0.01526934,0.02572585,-0.10985289,-0.1528136,0.202264,-0.0817615,-0.012450358,0.14519271,0.09615514,0.14628804,0.08328679,0.0800612,0.101041354,0.1410061,0.10003208,0.14966263,-0.0397388,0.04814549,0.19164217,0.19000033,-0.04873649,-0.08811654,-0.11863686,0.0873753,-0.06394185,-0.18117844,0.13724466,-0.12042514,0.13227098,0.057406947,0.09322616,0.007447304,0.036136054,0.010570098,-0.071771115,0.15170228
硬座车,0.008392892,0.13888322,-0.07125804,-0.09094489,-0.013527038,-0.06274713,0.13456275,0.1222299,-0.17915931,-0.116823174,0.16413783,-0.09892723,0.06649527,0.14687093,0.20148051,-0.042764664,0.02479026,0.17420323,0.13401818,-0.040788375,0.051232737,-0.031577002,0.029611502,0.0023395196,0.123605326,-0.08409364,-0.099484935,-0.09698039,0.07505378,-0.22228889,0.026140101,0.10138015,-0.12730576,0.05114407,0.17544442,0.07594476,-0.15798153,0.030314976,-0.010141352,-0.0822688,0.025471756,-0.18048196,0.13453075,-0.11406953,0.11465268,-0.034552086,0.08044228,0.029670177,0.08072922,0.018680949,0.03517915,-0.022511229,0.0860358,0.12802249,0.025489457,-0.03056038,0.028821629,-0.06903956,0.039915122,0.014895649,-0.07150451,0.031213846,0.07537709,0.033211723,0.1711022,0.015658287,-0.15870571,0.08137988,-0.06628097,-0.02902469,-0.11918962,-0.01743311,-0.13038713,0.041928746,-0.13885282,0.12849075,-0.17257002,-0.15459818,0.08757694,-0.14724459,-0.038686056,0.07631978,-0.17293137,-0.008007349,0.0417723,0.14205144,-0.033093926,-0.09475675,0.07978064,0.16459474,0.052341416,0.114933416,-0.03980328,-0.07012638,-0.028161967,-0.019313727,0.08132827,-0.18724005,0.031982396,0.018922554
空车时，车辆自身具备的重量,0.14611197,0.053259905,0.114230745,0.07473245,-0.10193802,0.05488189,-0.16917987,-0.07610669,-0.040320892,-0.057908233,-0.06212852,0.068752944,0.056661148,0.17008813,-0.16577038,0.012247312,0.06533942,0.098525584,0.13910963,0.15465742,-0.14652939,-0.02156494,-0.080205165,-0.045523915,-0.18568681,0.028717559,0.038080372,0.056494392,0.04070777,0.022524983,0.06336326,-0.13186423,-0.14548971,-0.07287528,0.06337023,-0.044074763,0.014194738,0.050914302,0.06948092,-0.17149831,-0.123932235,0.10920767,-0.11111333,0.11412714,0.051286478,0.061303034,0.08836574,0.08124464,-0.014821013,0.024013177,0.091628276,-0.1846383,0.08955131,0.111893125,-0.13706133,-0.036631726,-0.10268927,-0.17456852,0.17026475,-0.021100918,0.06480918,-0.057782006,-0.031724546,0.029195625,-0.051141094,0.007641442,0.054186985,0.00054782734,0.1573804,-0.06314562,-0.059052456,0.13078505,-0.09403005,-0.08331416,0.15802747,0.110718355,0.10101435,0.15492675,-0.04858412,-0.060787663,0.17056374,-0.029330645,-0.009842322,0.018123982,-0.06141385,-0.18400578,-0.04597727,0.14998856,0.080033384,-0.10630357,0.008608654,-0.0643204,-0.18509276,-0.116817445,-0.0526601,-0.025683312,-0.18912226,0.14650401,-0.062802985,0.053072438
空车时，车钩钩舌端面的中心线至轨面的垂直距离,-0.033782333,-0.11369999,0.1154652,0.08918542,-0.0051808073,0.17580785,0.09133005,0.0729062,0.1688273,0.0008305413,-0.115635045,0.17466813,-0.1032055,-0.019586429,-0.10394461,0.17401296,0.08150078,-0.1254436,0.026628729,-0.14921616,-0.058837906,-0.1260042,-0.19809926,-0.07094726,0.027434915,0.06397906,0.022927642,-0.05474719,-0.19263059,-0.09100281,0.0009805517,-0.16970165,0.02396976,0.0022776374,-0.06792078,-0.15833914,0.040161163,-0.0061739953,-0.056132764,0.07229486,-0.17682528,0.040080503,-0.04432908,-0.08290856,0.06151306,-0.19706388,0.079982586,0.0739683,0.0698755,-0.16322455,-0.011766504,-0.10561653,-0.09913256,0.021696279,0.002841044,0.115508705,-0.05149867,-0.009833561,-0.11749262,0.16179298,-0.06275032,0.056601193,-0.1298667,0.13271812,-0.11096049,0.12618169,0.05407057,-0.10777981,0.02567721,0.02571171,0.119339325,0.057072185,-0.077958055,0.06019718,0.094060555,0.07645106,0.15061454,-0.094417244,0.10195131,0.18919297,-0.040631473,-0.0383832,0.0092908675,0.04110764,0.095039316,-0.14591698,-0.081312075,0.16675887,-0.11781965,-0.013524237,0.064334564,-0.030829512,-0.054385524,-0.15607482,0.0558601,0.078373685,0.06657111,0.05501192,-0.09390024,-0.106238246
罐车,-0.13917951,0.07434089,-0.13624002,0.04902533,-0.1327213,-0.004327645,0.07372194,0.15836789,-0.11189452,-0.043542378,-0.0074152416,-0.09671927,0.04259838,-0.15126312,0.025511874,0.042178538,0.14825743,-0.032126263,0.033962213,-0.13507105,0.046270266,-0.08998184,-0.0775859,-0.17566125,0.12864377,0.08242716,0.16765304,0.058019083,-0.007309161,0.11316357,0.08082259,0.047809824,0.052683316,-0.07365892,0.1530543,-0.09056128,0.14489132,-0.09900004,0.14490353,0.14600308,-0.027950091,-0.06758786,0.081676826,0.05362376,0.16014224,0.08902003,-0.07481867,-0.041536547,5.684964e-05,0.04660329,0.1602721,0.02467959,-0.0023605474,0.12806109,-0.0058184965,-0.18469857,0.0861023,-0.09665159,0.10617431,0.10829532,-0.1696487,-0.10222362,-0.11874808,0.10631919,0.043247037,0.014903165,-0.07289811,-0.015771994,-0.15187438,-0.08861813,-0.09452709,-0.08794187,-0.036130775,-0.0024218615,-0.06464641,-0.041373618,0.15419924,0.10352175,-0.07559182,0.13467205,-0.04050289,0.011342522,0.021515844,-0.051018637,-0.09929856,0.15421239,0.13559565,-0.15037909,0.06467019,0.015923023,0.0565295,-0.030189909,-0.027071489,0.1658204,-0.15663673,-0.08470522,0.12442525,-0.15724547,-0.11348915,0.12265566
脱轨系数,-0.062043503,-0.07996831,-0.13702126,-0.081346095,0.0637299,-0.18451121,-0.082865775,-0.015656391,-0.119106285,-0.057466693,-0.14813326,0.059072997,-0.04365472,-0.17589426,0.029376794,-0.011142115,0.042638224,-0.04926696,-0.107416,0.06203667,0.063585155,-0.015579236,0.07646894,-0.04192248,0.009833055,0.09553511,0.17230411,0.16208339,0.058186036,0.15931575,-0.0706842,0.10707773,-0.009844476,-0.083132505,0.12943324,0.11066469,0.024488254,0.10975787,0.18562245,-0.019342054,0.12442811,-0.105646186,0.020914232,0.02734297,0.06660975,0.116529256,-0.11651908,0.12385588,-0.08331694,0.18221653,0.0030846738,-0.017963054,0.17251256,0.08336393,0.15082212,0.081421405,-0.014460201,0.039492503,-0.07039625,-0.2074149,-0.17499654,-0.09155533,0.10727641,0.025487287,0.14641404,-0.08090703,-0.047117174,0.16044259,-0.09813276,-0.05729303,-0.13812256,-0.108345024,0.002893622,-0.1154096,-0.096003525,0.1434989,0.010221343,-0.15664984,0.020855788,-0.04203332,0.036357384,0.009152958,-0.15947393,-0.058040112,0.07819362,-0.02497211,-0.0077303983,-0.013591719,-0.1666192,0.12544073,-0.02854175,-0.052800916,0.18176295,-0.11896805,0.03380426,-0.15197085,0.028513188,0.001677529,-0.012096039,0.09167276
自重,0.054181036,0.11365895,-0.0011616002,0.018251913,-0.040487025,0.01572294,-0.13449647,0.025791183,-0.183886,-0.16117893,-0.068195656,-0.04312173,0.16619498,0.16378656,-0.07553401,-0.06457671,0.0038064406,0.14970972,0.13124907,0.08467543,-0.0860914,-0.03341831,0.03553432,-0.13507828,-0.08529434,0.06746621,0.09670305,0.13947676,0.109799035,-0.027777232,-0.03832595,-0.07134518,-0.1769294,-0.122192815,0.17061229,-0.0693475,-0.042758558,-0.013449104,0.085638836,-0.118958585,-0.031077947,-0.009574862,-0.066967145,0.0769812,0.052562907,0.18453301,0.14359325,0.17634691,0.03460486,0.11926484,0.1832308,-0.065592095,0.18528432,0.10799656,-0.09365901,-0.06350035,-0.08470214,-0.10690161,0.0864658,-0.107901044,0.031681664,-0.1662277,0.033343036,-0.06791312,0.05764285,0.09070421,0.037260983,0.116696455,0.071014374,0.03805445,0.0055470197,0.03266162,-0.11711491,-0.138635,-0.00054436,0.111020476,0.14731935,0.15669438,0.004393161,-0.077592954,0.08726712,-0.09554675,-0.1415427,-0.08182032,0.00063184695,-0.060030255,0.049993917,0.025395,-0.006253249,-0.044364978,-0.06400676,0.0128194215,-0.16191655,-0.12531711,-0.12202012,-0.14307007,-0.14545608,0.029735833,-0.1430855,-0.04306419
设有上、下两层客室的客车,0.13789742,0.04626022,0.03617905,0.17615438,0.09793049,0.16732736,-0.07748024,-0.04435578,0.047145776,0.18860197,-0.1270707,0.08190558,-0.027271174,0.023054086,-0.13394362,-0.121622056,0.09211944,0.016232261,0.051782824,-0.1436515,-0.14351189,0.14512841,0.08189643,-0.057349358,0.039831866,-0.10518968,-0.035663694,-0.09474553,-0.112185195,0.07174437,0.16633831,-0.09506156,0.11312424,0.09854232,0.06446335,0.1602057,-0.023219712,0.027805362,0.057530593,-0.068977274,0.00980018,0.06362463,-0.08719492,-0.108970724,0.04996671,0.0018008098,0.021794261,-0.12517099,-0.124287486,-0.10285521,-0.044903684,-0.055450056,-0.13903393,-0.14539704,-0.00921233,0.1244295,-0.055599757,-0.03507354,0.11083354,0.15448733,0.18340342,-0.010852369,-0.12827447,-0.014785391,0.10318596,0.063921176,-0.023444194,-0.08061766,0.11708988,0.021505699,0.07422592,0.06721713,-0.056399148,-0.037157398,0.16172455,0.09349622,-0.13627473,-0.1540577,-0.1685854,-0.10513524,-0.039921574,0.0056964396,-0.07434734,-0.08676698,0.0948866,-0.011065436,-0.13399325,-0.011949764,0.021742092,0.11896166,0.103952885,0.10969364,0.11827664,0.12773487,0.11946054,0.1724323,0.029385375,0.120557986,0.15901501,-0.04025876
设有倾摆装置，过曲线时车体能够倾斜以提高限速的客车,0.11297611,0.053848647,-0.062370695,-0.004868963,0.093120314,-0.12689546,0.056619365,-0.07633612,0.041911416,-0.023965739,-0.026887143,0.09028218,-0.038918372,-0.11445348,0.00867226,-0.0661621,-0.03386995,-0.057529744,-0.07331176,-0.04272263,0.03772849,-0.13293564,0.018507138,0.14667222,-0.16059382,-0.017765632,-0.0029252958,0.06287487,-0.07722424,-0.12829265,0.032796875,0.069507934,0.06218883,-0.06491601,-0.16475473,0.013574233,0.07533101,0.117018886,0.13345283,0.111702345,0.07945851,0.15473905,-0.15507,-0.110589415,-0.1674818,0.027212357,-0.04841133,0.04866084,-0.15072212,-0.05610273,-0.01861943,-0.041594297,-0.21140377,0.051167957,-0.12953112,-0.17234458,0.09637854,0.040231902,-0.06935426,0.16780657,0.033575904,-0.0030105182,0.12521517,0.07997199,-0.1558445,0.032233525,-0.0050965934,0.07750229,0.0021971753,0.040152792,-0.032449365,0.14400254,-0.13178669,0.10826663,0.010961165,-0.15901484,0.07357172,-0.015239387,-0.13126184,0.18515116,0.08934126,0.099685445,0.09439014,0.10062711,0.036631424,-0.029620018,-0.083884925,0.19551739,0.13996382,-0.16582233,0.096133046,-0.11224164,-0.064017214,0.16791701,0.114620656,0.16346999,0.04549253,0.037093606,0.124637455,-0.14318933
设有动力机械驱动的发电设备的车辆,-0.085118204,-0.1659729,0.08344002,0.14132653,0.040909674,0.014758084,0.075330935,-0.20023817,0.022825414,-0.04112677,0.120907046,0.018499954,-0.032864355,0.035364147,-0.11487777,0.124446124,-0.1805059,-0.116263226,0.049334653,0.17888959,0.08894609,-0.15173657,0.046018854,-0.09643316,-0.07569062,0.059304874,0.0719832,-0.20428449,-0.026982283,-0.14572641,-0.021769049,0.13800348,0.19869912,0.05907373,-0.08175441,-0.14197269,0.17389481,0.16507334,-0.17203127,-0.013228968,0.004570658,0.081811905,-0.09887085,-0.1344594,0.11220176,-0.009669751,0.08192681,-0.10233182,-0.10562245,0.07258399,-0.1288704,0.010158245,-0.18268155,-0.09885784,-0.06642483,0.092790924,-0.16554813,0.061589427,-0.06811103,-0.086833835,-0.08986112,-0.044273987,-0.007144233,-0.03261753,-0.1784297,-0.12987667,0.051947687,0.004718657,0.08659547,-0.013264823,0.0005758262,-0.0047027133,0.14457737,-0.05343934,0.08760367,0.008126219,0.07725425,0.03040269,-0.011263073,0.13403822,-0.0675624,0.109131455,-0.04732272,0.10680965,-0.06213829,-0.0919742,-0.045009878,0.1375132,0.09278464,0.018250378,-0.07249392,0.033132784,0.092711456,0.12255549,0.048759248,-0.07723401,-0.13932507,-0.06894827,-0.06593426,0.042480923
设有厨房、餐室及贮藏室(或有小卖部)和炊事设备，供旅客在旅行中饮食就餐使用的车辆,-0.0994566,-0.03676661,0.081945226,0.19140984,0.04551054,-0.014059704,0.004375877,-0.11517688,0.0870664,-0.04727293,-0.03553854,0.04307314,-0.07572019,0.10125173,0.03780378,-0.117586456,0.1372815,0.029290177,0.010278092,-0.06668508,0.07500831,-0.06130285,-0.15371035,-0.039555974,0.0064247223,-0.102059275,-0.1640586,0.0966378,-0.09743101,0.16765854,0.2185719,0.12637079,-0.12364982,0.09297332,0.043151774,0.13635758,0.016509283,-0.07832984,-0.16880454,-0.025515188,0.018222593,0.05533217,-0.0659415,-0.09036493,-0.132104,-0.025992021,-0.07134174,-0.19503576,-0.04071998,-0.22835916,-0.16842934,0.019179078,-0.039211627,0.07404038,0.02265788,-0.057114564,-0.07146462,0.052162897,0.19155091,0.021011803,-0.05855819,0.15296327,0.08792422,0.04518736,-0.16968256,-0.14666234,0.109520905,-0.22645548,0.0032116412,0.03492465,-0.0006997893,0.15332685,0.09735882,0.0992399,0.02440736,-0.107812695,0.0748144,0.067949146,0.109551445,0.1277856,-0.061077982,0.065883435,0.031569194,0.1181684,0.12162907,-0.17556417,-0.06657295,-0.02078589,0.11697371,-0.06474927,0.100876935,-0.010582309,-0.12735103,0.07602543,-0.027794547,0.019444115,0.11545598,0.0024236185,0.0072730337,0.012588634
设有固定集装箱的装置，供运输集装箱的专用车辆,0.1586081,-0.12573344,-0.06763379,0.050191525,-0.1528682,-0.107093304,-0.12362222,0.11232135,0.14593592,0.16978091,-0.073782906,-0.050672483,-0.11998347,0.003347594,-0.08955314,-0.0868915,-0.11381036,0.09703915,0.13090403,0.04819595,-0.087927826,0.014639885,0.018074963,-0.041194804,-0.14124195,-0.11281601,-0.18758017,-0.15620033,0.043023333,-0.01869962,0.04801902,0.15261737,0.048420534,0.034869794,-0.121219315,0.16213909,0.050792113,-0.13692266,-0.13914694,-0.16807042,-0.18806992,0.08913118,0.04184142,0.12794639,-0.015578886,-0.07375025,0.0021689842,-0.1270874,-0.017174967,-0.18531843,0.049905315,-0.08688976,-0.066532604,-0.04183006,-0.07063684,0.1446407,-0.12005386,0.12574719,-0.028684206,0.0812954,0.054334793,0.06755581,-0.18460253,-0.0072209765,-0.041444633,-0.032315545,0.06824732,0.038859047,-0.12727892,0.045087434,-0.079634786,0.073800094,-0.06815814,0.09959754,0.13167602,-0.09344782,0.050120547,0.05918885,0.12380288,0.0988145,-0.053522237,0.15778475,0.02165847,0.11613229,-0.13364689,0.024755733,0.062698044,0.1382786,0.13096997,0.118761584,0.046535935,-0.07850991,0.040720653,0.018156411,0.020366486,0.07891499,-0.068256885,-0.053862162,-0.02901233,0.16080263
设有硬席座椅设备的座车,0.0664607,0.046859287,0.024996389,-0.022276038,-0.076161444,-0.041838888,0.12766871,0.018703792,-0.017184038,0.0069989823,0.14505652,0.034970205,-0.05547784,0.1564601,0.1582038,0.04620025,0.105423875,0.123412915,0.14491875,-0.017118765,0.0045921393,-0.03605322,-0.11541924,0.12567264,0.0022551913,-0.1185766,-0.16650862,-0.18526572,0.014934374,-0.1649279,0.16604741,0.06210507,-0.10630357,0.1124802,0.058297753,0.1293027,-0.11738162,0.06283258,-0.04938235,-0.10952133,-0.08743891,-0.059590794,0.09786204,-0.047619693,0.14264639,-0.16742407,0.02303206,-0.07145038,0.02947945,-0.09630349,-0.08337169,-0.14823958,-0.0074260305,0.1379994,0.034469202,0.025077345,-0.02229786,-0.115318544,0.120683454,0.06532654,-0.033061013,0.12475019,0.07590232,0.06681199,0.04171604,-0.056407858,-0.15392542,-0.04045494,0.03488984,-0.13544227,-0.18014583,0.08855367,-0.05976921,0.13108902,0.027280722,0.13593145,-0.20184864,-0.17646348,0.049229864,-0.1395152,0.051571596,0.16929601,-0.04520343,0.13526231,0.010545977,0.0066416864,-0.13927539,0.04048136,0.1653541,0.081633724,0.15435006,0.039829057,-0.05983975,-0.019690394,0.07808679,0.08800803,0.09113978,-0.07157011,0.11043451,0.073175386
设有罐体，供运输液体、液化气体和粉状货物等介质的车辆,-0.06414851,-0.000835964,-0.022389336,0.083022036,-0.1751425,0.032823853,0.038897462,0.086259566,0.028996358,0.06609457,0.04431292,0.0061390526,-0.067757286,-0.15545031,-0.0789912,0.08741674,0.18760927,-0.09824515,0.019196862,-0.11490772,0.0062631816,-0.074426025,-0.18773055,-0.09833014,0.031149557,0.052082047,0.12001032,-0.031203352,-0.06381739,0.13161853,0.1621596,0.01067017,0.10581895,-0.0318175,0.025696743,-0.055971503,0.20034064,-0.05189821,0.12076817,0.11507141,-0.11792767,0.070403695,0.028392823,0.06830094,0.16051616,-0.022962963,-0.13477995,-0.09890201,-0.035864368,-0.05120778,0.07950834,-0.07426473,-0.07592721,0.12431606,-0.045126777,-0.15715483,0.053118393,-0.15344757,0.16289826,0.15835586,-0.1348739,-0.00426469,-0.16712134,0.1689382,-0.07812401,-0.08010149,-0.0015651652,-0.11221739,-0.09903162,-0.14969033,-0.15570843,-0.0061965627,-0.0032900106,0.048446015,0.10320579,-0.062473226,0.09676782,0.108698756,-0.1174945,0.14415438,0.059633248,0.094533525,0.12882422,0.034589346,-0.13587579,0.037027553,0.047360677,-0.04782446,0.17109042,-0.012745427,0.11547748,-0.071331516,-0.050247185,0.17123377,-0.10565029,0.029617498,0.103741094,-0.066891216,-0.031240268,0.15386724
设有车顶和门、窗可防止雨水进入，供运输各种需防止湿损、日晒或散失的货物的车辆,0.1893686,0.08368928,0.058631815,0.001437647,-0.15395218,0.018972762,-0.04018082,0.09266366,0.11578446,0.052509647,-0.07767486,0.1794185,-0.020012937,0.13128136,-0.0033973544,0.022684626,0.024190448,0.061820384,-0.1599143,-0.07995,0.040929575,-0.14736895,0.014916711,0.094346136,-0.07244299,-0.0351989,0.03214729,-0.07502634,-0.018274125,0.14372721,0.10472154,-0.14680447,0.16442774,0.06283493,-0.0979945,0.11212084,0.2001721,-0.13963647,-0.15880343,0.1277314,0.026267856,0.09116871,-0.01381967,0.033707306,0.006554057,0.031519234,-0.043428697,-0.020751705,-0.16762267,-0.0059347963,-0.15575875,0.06407644,-0.00060549646,-0.09507491,-0.15674655,0.1567458,0.11347758,-0.17800584,0.024375878,-0.098793834,-0.07191521,0.013268904,0.003749257,0.054753553,0.05651331,-0.018999988,-0.033774853,-0.029344415,-0.10205818,-0.07993332,0.08706097,0.08793486,-0.1517041,0.12761177,0.08343568,0.012040304,0.026257679,0.027228981,0.08722249,-0.14138183,0.12794252,0.08394393,0.018457478,0.029641915,-0.13452497,-0.059921812,-0.079858415,0.14311984,0.0078349,0.0690265,0.054511078,0.098455444,-0.21093526,0.14285801,-0.0033651215,0.02556683,-0.04766646,0.16220032,0.1396745,0.21909437
设有软席卧铺设备的卧车,0.21431799,0.026613064,0.20547089,-0.022401234,-0.008151254,-0.038008787,0.11667645,0.022129776,0.12677103,-0.01686124,-0.0064329323,0.090793155,-0.0002348176,-0.15473488,0.08377136,-0.112753496,0.17267844,-0.11770004,-0.16134477,0.01314603,0.09611044,0.12108079,-0.10164737,0.2003522,-0.10811646,-0.115534075,-0.03714385,-0.12975301,-0.039506964,-0.078671575,0.04900042,0.08001874,0.13855119,0.04360238,0.07794751,-0.059898823,-0.146944,0.09579221,-0.092419766,0.09424819,-0.010619332,-0.038458347,-0.10327083,-0.03266895,0.10512228,-0.11203484,-0.08250087,-0.19531073,-0.008693298,0.012445955,-0.05875383,-0.11892341,-0.19819999,0.12383951,-0.11941377,0.11141342,0.08735716,0.021701925,-0.058539905,0.16600384,-0.07580362,0.05199088,0.06601817,0.008305959,-0.06047745,0.07705708,0.012163825,0.01261184,0.021730332,-0.07663459,0.060586143,0.094355546,0.0520422,0.13459004,0.13855375,0.087022774,0.08704854,0.16251053,-0.011842315,0.0617473,-0.10315988,0.120849065,0.054172214,-0.018336343,-0.04176535,-0.02692619,-0.022414183,0.03228638,0.20921941,-0.16120218,-0.06613156,-0.08179807,-0.12850834,-0.0426895,0.032018933,0.084942594,-0.1383609,0.022969991,0.08616163,0.17135489
设有驱动装置，用于城市轨道交通中的车辆,0.03013387,-0.063493505,0.15141128,-0.121108554,-0.01046533,0.026178164,-0.007222409,0.08828598,0.1636091,-0.10556412,0.047142874,0.17321095,-0.081695735,0.031411476,-0.17528698,-0.14320202,-0.14646775,-0.18204322,-0.052232955,-0.052826285,-0.12609667,0.19597282,-0.06586298,-0.06779472,0.020878863,0.058118716,-0.022987766,-0.1648133,-0.0027992711,-0.100425676,-0.09110189,-0.1614598,0.13567783,0.028666243,-0.12802863,0.17747223,0.032205135,-0.01292337,0.09055935,0.033405136,-0.09043243,0.09637695,-0.16652621,0.0040292353,-0.14782977,-0.089705616,-0.12923773,0.051321037,0.15421371,-0.14504063,0.0017143323,-0.040217116,0.0002287726,0.14398439,-0.10685837,-0.105088264,0.045587335,-0.04667411,-0.007286866,-0.11996396,0.061384223,-0.04158121,-0.11754668,-0.09945285,-0.08914408,-0.12242573,0.17479302,0.03321674,-0.06871974,0.091277055,-0.0003925789,-0.022207677,0.13678466,0.063084744,0.123505875,0.04582693,-0.00068289257,0.095563725,0.14248349,0.056339845,0.060970403,0.060984798,0.17336778,0.060809292,-0.010954492,-0.17487398,-0.17102996,-0.021552093,0.12984829,-0.086556345,0.0054117455,0.05226414,-0.066975124,-0.03492042,-0.06614347,0.105590165,0.008114082,-0.038572222,0.1354949,-0.014035507
货车,-0.07559369,-0.13012904,-0.06801198,0.15252222,0.088037364,-0.12508349,0.1295129,0.1799922,-0.22365937,-0.120391384,0.12930945,-0.036014475,0.0018685262,-0.114401326,0.016559994,-0.030384956,-0.042566966,0.069297,0.097958975,0.0410338,-0.016011242,-0.064206235,0.17285773,0.10735695,0.103330255,-0.065535985,0.06653526,-0.0015366639,0.2127899,0.09606871,-0.18825272,-0.09934072,-0.19226487,-0.078294225,-0.0065488927,-0.025024017,-0.16630512,-0.14238502,0.007377806,-0.09269952,0.11585103,-0.0011876975,-0.09594534,-0.015827898,-0.042438384,0.08109925,-0.11316741,-0.095272385,0.00021492247,0.07233359,0.18922266,0.07072672,0.1294322,-0.08244928,-0.14714104,-0.1637554,-0.14176849,0.084893644,-0.018636337,-0.16284858,-0.17141092,-0.03959176,-0.11278401,-0.005338096,0.033718713,0.006148342,0.088105455,-0.04667944,-0.005337512,-0.059544027,0.13969348,0.09056133,0.06046437,0.00029624108,-0.14570197,0.01040834,0.09923913,-0.110613555,-0.0925425,0.055673115,-0.076013856,-0.0037006938,0.0039265696,-0.00011940535,0.115584046,-0.041559517,0.05423644,-0.030048497,0.019048104,-0.05156906,0.098638006,-0.06406189,0.114996485,-0.010775979,0.03584387,-0.16663493,0.0053283907,-0.024184218,0.03788145,-0.20145461
车体的各主要承载梁、柱及外部的墙板、地板、顶板等均为金属制造的车辆,0.15687257,0.0012118195,0.17308398,0.07269983,-0.042509448,0.15974416,-0.18309744,-0.08919518,0.04958535,0.16210113,0.016026294,-0.050659444,0.03554611,0.033680715,-0.14822845,0.14790052,0.148028,0.073725216,-0.13418621,-0.015667105,0.104691334,0.029817393,-0.098505214,0.050964326,-0.064986154,-0.0136066275,-0.087826915,-0.047032937,-0.15493232,-0.13410127,0.13330592,-0.1699994,0.08989297,-0.027777849,-0.0073451493,0.15992546,-0.06903053,-0.100357965,0.08150394,-0.18537867,0.07678461,0.12299473,0.13037205,-0.105173305,-0.0006092285,-0.16157989,-0.16987947,0.113405645,-0.08087889,-0.01676777,0.051054053,-0.054766364,0.13736473,-0.13874479,0.048261523,0.1760788,0.10611453,-0.053136066,0.07141397,0.013121253,0.1679944,0.089427024,0.009235633,-0.030663762,-0.03687532,-0.002956825,-0.08038261,0.026284335,0.151475,-0.19817288,-0.17150316,-0.0145502305,-0.037947938,-0.10499768,0.029853512,0.09328883,-0.17175739,0.09272684,-0.052764725,0.14841877,0.15150176,0.05649818,0.043809358,0.0588232,-0.03844096,-0.053145092,0.06745493,0.021511106,-0.056806017,0.036435794,0.0012218507,0.12246487,-0.017943023,-0.053062808,-0.003301877,0.06676447,0.033688173,-0.050930686,0.12025371,0.039456744
车体设有隔热层，并设制冷和/或加温设备的保温车,-0.03021066,-0.13506919,0.07219162,-0.0394593,0.04150466,-0.0024083578,0.01762773,-0.039348166,0.04818228,0.18141969,-0.06294591,-0.06896755,-0.15038364,-0.099060096,0.02852753,0.022343189,-0.011478757,-0.069362655,0.0739072,-0.01466809,0.13162568,0.14269686,-0.09757486,0.024606878,0.058079276,0.020627381,0.018651403,0.05514497,0.059954733,-0.13429357,0.00932149,-0.06251058,0.13027681,-0.107753746,-0.15108463,-0.16439949,0.16283222,0.035856426,-0.017469574,-0.13430879,0.022823201,0.006198631,-0.026650544,0.14425446,-0.15107669,-0.028595567,0.087720804,0.007059235,0.008822029,0.06541529,-0.1299457,-0.1165561,0.05240114,-0.12965432,-0.082740694,-0.11957698,-0.09538277,-0.040214345,0.09041036,0.007867577,0.16629095,0.15402307,0.12684168,0.13078198,-0.09798147,0.075462356,0.027425868,-0.19210245,0.12968609,-0.15366341,-0.12997717,0.0427691,-0.07208372,-0.0028046053,-0.035202116,0.08700611,-0.1533417,-0.14693059,-0.16893093,-0.11405124,0.1172742,-0.09736642,0.12157163,0.18024045,-0.11561958,-0.11530232,-0.057577953,0.21327674,0.10846036,-0.09117457,0.10226236,-0.061402638,-0.03977202,-0.17311789,-0.011158642,0.020651003,-0.008013896,0.100993074,-0.00052981876,-0.095139414
车体设有隔热层，能减少车内外之间的热交换，供运输易腐或对温度有特殊要求的货物的车辆,-0.067835614,0.054080848,0.06842407,-0.014649453,0.018444588,0.16394448,0.08018124,0.024503719,0.015553264,0.057104185,0.16750689,0.061872106,0.061046366,-0.08662227,-0.14039406,0.14426312,0.06121818,-0.022535585,-0.010640223,0.17296816,-0.0045662704,0.14345135,-0.06487109,0.11667826,0.06993553,0.0793033,0.04864348,-0.0076259538,-0.024079517,-0.0019547471,-0.025944458,-0.09963057,-0.14086108,-0.041722372,-0.20098013,-0.034859393,0.15341982,-0.0030861606,-0.1759887,0.056180168,-0.01845953,-0.052141324,0.08234028,-0.0921266,0.025170358,-0.11610182,0.06417611,-0.061445214,-0.037842665,-0.12435822,0.058865562,0.07838326,-0.13128854,0.093254745,0.056475867,0.17213483,-0.16464147,-0.04185687,0.0027082313,0.12767196,0.049710073,0.1680758,-0.084637016,0.07138531,-0.22361208,-0.16155829,-0.022432406,-0.010415148,0.19663663,-0.017943984,0.09001123,-0.034431815,0.13368364,-0.101935975,-0.0048682922,0.0032553936,0.022794992,-0.009201077,0.06926069,-0.14385681,-0.07399598,-0.047637694,0.12823446,-0.03785553,0.13094564,-0.16779141,-0.06760315,-0.026874013,-0.028306218,-0.087625615,-0.03704174,-0.03335385,-0.17268598,0.13683061,0.15941,0.04671674,-0.08104694,0.20536196,-0.018598618,0.20566826
车轴在车辆中的位置，通常从一位端起至二位端止，以自然数顺次标注,0.069103226,0.10041706,0.07371238,0.03658594,-0.05865322,0.18041879,-0.17171341,-0.15043718,-0.02952573,-0.03873802,-0.036952935,0.1365835,-0.06017594,-0.0041042543,-0.07105111,-0.09940078,0.035518005,-0.1517438,-0.07399303,0.07807958,-0.09914713,-0.011568701,-0.04063974,0.18341203,0.08215511,-0.16115506,-0.086182915,0.07558245,-0.036444712,0.19121073,0.1825987,-0.051351048,-0.089615084,-0.037122723,-0.018294364,0.054470617,-0.043035865,0.18439259,-0.08957062,0.07779093,-0.027284633,0.015833106,-0.16528901,0.16386053,-0.12551884,-0.112705536,-0.04099766,-0.053028468,-0.090441786,-0.10368427,-0.16675358,0.0600772,-0.067053646,0.10767687,0.03746022,0.006999457,-0.17886607,0.1092831,0.008194547,-0.08250655,0.117921315,0.06401724,-0.13626911,0.036605276,0.0077040065,-0.057947025,-0.035306398,0.060266282,0.10357432,-0.025330886,0.13224468,-0.030205369,-0.06017631,-0.08561219,0.023142427,-0.13024788,-0.11109757,0.11132742,-0.09801952,-0.09674096,0.18789887,0.0613245,0.12967342,0.112892486,0.055135515,0.084273815,-0.01636343,0.08496746,0.03317841,-0.13033971,0.012588474,-0.18313383,0.10234433,-0.14611328,-0.09138213,0.09411301,0.01693041,0.013550139,0.11108388,0.17603497
车辆上，装手制动机的或制动缸活塞杆伸出方向的一端,0.13505614,-0.086425565,0.119372435,0.048681065,-0.14543237,-0.11070921,0.050218094,-0.094040774,0.117351204,0.12940706,0.14569503,0.11708636,-0.075799525,0.11915621,-0.14833726,0.074558966,0.065294385,-0.07167899,-0.13987364,0.11590252,-0.06143679,0.12979862,-0.17510995,0.050052755,-0.014384555,-0.03420653,-0.17061009,-0.06915771,-0.13439174,-0.065404095,0.10317551,-0.0048206113,-0.026205909,-0.00030236333,-0.09165382,0.06466726,-0.03729637,0.08015737,-0.16232541,0.0047504934,-0.024692027,0.03602824,0.10973616,0.077822894,0.119240955,-0.028662961,-0.16252106,-0.03442212,0.15074472,-0.0823493,-0.1504648,-0.12869772,0.054976992,-0.087248355,-0.06713287,0.015764842,0.10155922,0.062154897,0.14711319,0.089793846,0.011551001,0.17602468,0.11314368,0.018679563,-0.16761398,0.05431557,-0.1346406,-0.14366806,-0.12056072,-0.04880937,0.10973106,-0.11345527,-0.13731325,0.10826579,-0.02178839,0.08009092,-0.029018782,-0.16104367,-0.1563503,-0.005208963,-0.06548725,-0.09550382,0.17941625,0.04615475,0.038118675,0.06577244,0.021073112,0.11301922,-0.10914741,-0.097669974,0.012556188,-0.029182354,0.017281342,-0.011320403,-0.0766847,0.03250236,-0.17151609,-0.034249697,0.09545772,-0.12848249
车辆不受纵向外力影响时，车辆两端钩舌内侧面间的距离,0.0028325103,0.042018823,0.16900587,-0.0891624,0.0510542,-0.06972363,-0.115405954,-0.19998892,-0.017905757,0.14967793,0.07159846,0.025032261,-0.050735857,0.04008438,0.037010074,-0.13362528,-0.04789529,-0.011135909,0.10655819,-0.14278966,0.04178873,0.04323509,-0.039575215,-0.0309554,-0.13821673,-0.04052577,0.06906307,0.03036086,0.07069941,-0.04957064,-0.0072350125,-0.12151516,0.038452607,0.03914191,-0.19778948,0.050439052,-0.002257023,0.16359584,0.058534823,0.016141893,-0.09525115,0.11740705,-0.08714594,-0.14249499,-0.044956863,-0.2193658,-0.21163972,-0.060713705,-0.09244831,0.06598617,-0.06998981,-0.00049656455,0.08186871,-0.071619146,0.12579069,0.07465194,-0.03971799,-0.16835931,-0.014447971,0.17428109,0.05010256,0.09232966,-0.083129495,-0.03465371,-0.032577895,-0.18380295,0.16378698,-0.2049528,-0.09761082,-0.025109194,-0.15007642,-0.10475111,0.19186786,0.042825025,0.060672093,0.11855051,0.101246126,-0.03984769,-0.022523316,-0.046325363,0.057846025,0.047840297,0.10815811,0.117896624,-0.020461641,0.067685425,0.037984904,0.1904547,0.04088225,0.12398894,0.11433907,0.06450049,-0.057149995,0.16112708,0.10569394,0.13011952,-0.101053804,0.06340647,-0.01683877,-0.08105602
车辆全长,-0.06102691,0.11349422,0.0834895,-0.1302443,0.106784515,-0.058777634,-0.080723286,-0.07662556,-0.1755718,0.04392184,0.105722435,-0.06968594,0.090738066,0.03688393,0.12662512,-0.2008584,-0.102194324,0.028416434,0.09998238,-0.2071612,0.0900678,0.048033457,0.08779583,-0.11054574,-0.029226834,0.006152876,0.12070012,0.08917125,0.124872714,-0.09728417,-0.12000129,-0.069966875,-0.0129668275,-0.025123803,-0.08756508,0.05901656,-0.06389963,0.10032388,0.02756541,0.075135946,-0.012208638,-0.010132057,-0.059007682,-0.18019268,-0.02625825,-0.10025147,-0.15441234,0.021018917,-0.060658403,0.13640791,0.013061462,0.11441783,0.16533433,-0.019017914,0.17843165,0.06167748,-0.06133151,-0.1195609,-0.09522514,0.09387673,0.028299302,0.0003715088,-0.03431289,-0.11482921,0.058337543,-0.09826209,0.154759,-0.051439315,-0.18382202,0.06912203,-0.071780056,-0.20599121,0.15918295,-0.034372143,-0.12492491,0.15047611,0.15123305,-0.07139911,0.03707221,-0.06439618,-0.043188497,-0.02532326,-0.009902731,0.020737646,0.047194712,0.18188713,0.111148,0.08038449,-0.05176427,0.17040814,0.048285846,0.15695053,-0.070185214,0.16828133,0.03698692,0.02859237,-0.050178383,-0.03907732,-0.08754663,-0.120028906
车辆在站场或厂、段内调车时所能安全通过的最小曲线半径,-0.06747753,-0.04824449,0.0961394,-0.015500844,-0.15328237,0.09185451,-0.15371202,-0.07515536,0.0036714757,0.21082634,-0.14189136,0.03556213,0.028486632,0.08022302,0.04321433,0.13479815,0.12981664,-0.12729122,0.113624886,-0.021030284,0.092047706,0.08283086,-0.17023923,-0.033883404,-0.112019815,0.011664432,-0.15583372,-0.07413528,-0.020538235,0.11095695,0.04154122,0.11811452,0.14921714,0.1274423,-0.023569891,-0.021034637,-0.04924918,-0.11899345,-0.020617338,0.08953687,-0.045248657,0.029949341,0.04100706,0.1163407,-0.07474056,-0.027354367,0.03231438,0.019323187,-0.022957198,0.06945988,-0.064998895,-0.02186911,0.067566626,0.13274539,-0.11436592,-0.09886934,-0.057828274,-0.15130308,0.01709854,-0.011321764,0.14226142,0.085848905,-0.1584622,0.06030533,0.06040763,-0.08774412,0.12783192,-0.115068346,0.0790338,-0.132508,-0.173673,0.08770329,0.08640243,0.13401717,0.19115017,-0.014043277,-0.17808281,-0.12721437,-0.007367994,-0.15265052,0.10081397,0.082702875,-0.03363432,0.17185715,-0.16483612,-0.13040468,-0.10166112,-0.0148401875,-0.014781444,0.08943995,-0.087858565,-0.016676756,-0.14590071,0.14478655,-0.036386214,0.0643454,0.11452605,0.13112679,-0.045783836,0.056940336
车辆标记中所注明的允许装运货物或旅客和行李包裹的允许重量,0.031861484,-0.16830084,0.03982452,-0.04002326,-0.054440934,0.056399174,0.077745855,-0.11046516,0.08829379,0.11249754,-0.034325548,0.15929979,-0.03203909,0.055881377,0.050807465,0.1557412,-0.04833142,-0.13768241,-0.0017199089,-0.11478689,-0.06401364,-0.104624026,-0.17766064,0.17719698,-0.065351136,0.10087367,-0.15165904,0.019069193,0.087495476,0.14674006,0.016984727,3.2966942e-05,-0.09119168,-0.11309485,-0.08277332,0.13704261,-0.09170282,-0.1266855,-0.050866455,0.04810439,-0.09391303,0.13150136,-0.0368133,-0.077443674,0.16992716,0.057226364,0.018181944,-0.018924365,-0.11870869,0.030838238,-0.17650722,0.06080616,-0.11591238,-0.13569464,0.11838571,0.074008815,-0.103722915,0.014057232,0.11626353,0.13915986,0.0017140601,-0.06103623,-0.14547144,0.017845662,-0.093690515,0.084930494,0.10216689,0.027007384,-0.08362499,0.06016977,0.020080134,0.010028626,0.096467346,-0.065888956,0.113409184,0.06045454,0.032128904,-0.001433494,-0.09171584,-0.12033487,0.1320065,0.0292899,0.12720625,0.15309061,0.08710393,0.027616395,-0.15396015,0.18246852,0.119836606,-0.16388963,0.17214072,-0.008933538,0.08000037,0.12914583,0.0918659,0.15718302,-0.13973877,-0.05763675,-0.026075915,-0.07959358
车辆运行时，在同一瞬间钢轨作用于车轮上的侧压力与车轮上的垂直载荷的比值,0.012793206,-0.1508569,-0.024600899,-0.039157946,-0.002680268,-0.14915293,-0.112616524,-0.11678279,0.03153245,0.077292934,-0.15535477,0.19407961,-0.1679517,-0.17715316,-0.035734538,0.07706049,0.13161413,-0.10614074,-0.10826219,0.11720868,0.007228255,0.026770458,-0.05778193,0.078489386,-0.106936075,0.06553045,0.108987056,0.07373867,-0.0031652353,0.21374907,0.053467494,0.048629217,0.00629393,-0.026946994,0.0011944756,0.16185449,0.04794937,0.13874063,0.15486531,-0.055340875,0.006592197,0.037103187,-0.0115849245,0.0815699,0.089446105,-0.013653555,-0.18892013,0.023578139,-0.12767695,0.06717588,-0.102657035,-0.14445665,0.077599734,0.09191009,0.12972067,0.10953584,-0.017878838,-0.030275946,0.011511527,-0.12135622,-0.14776985,0.02656389,0.057414036,0.100349136,0.023129156,-0.16899073,-0.044822462,0.029775014,0.0044372776,-0.16790266,-0.20609471,-0.013170875,0.047206964,-0.040239498,0.07427529,0.13989648,-0.025826601,-0.15996411,-0.0006020713,-0.024762116,0.1364481,0.09851361,-0.013679178,0.052359004,0.035103243,-0.1585519,-0.11064952,0.117969505,-0.07593105,0.014752667,0.061066084,-0.13056183,0.15894975,-0.08684788,0.13047472,-0.03197156,0.008113177,0.12473763,0.07400818,0.16011818
车钩中心线高度,-0.086526126,-0.04529791,0.010241767,0.036621734,0.04806983,0.14630385,0.10067647,0.1910428,0.017291695,-0.09174886,-0.1472439,0.05581674,0.012579268,0.011037113,-0.03893531,0.078466,0.06380803,-0.058135025,0.023333589,-0.22405331,-0.014955232,-0.1326958,-0.0702417,-0.1700603,0.13992296,0.07634852,0.061380908,0.04631894,-0.12113462,-0.11803194,-0.089056455,-0.13352409,-0.017377317,-0.042464513,0.07299644,-0.16253498,-0.036191925,-0.098738655,-0.0016248394,0.09577388,-0.07666157,-0.08562288,-0.021511141,-0.10596183,0.03708277,-0.074488595,0.13174173,0.18213208,0.12151646,-0.06910925,0.09042666,-0.0061696204,0.03106139,0.025154356,0.03127278,0.05840501,-0.024915867,0.035435665,-0.17785606,0.0904409,-0.076688886,-0.04423898,-0.0856658,0.07804319,0.035042595,0.21022798,0.01941055,0.004810136,-0.06394976,0.11958582,0.17412822,-0.036609877,-0.15024868,0.044471607,-0.07395338,0.09861616,0.1707588,-0.10948108,0.146345,0.15544793,-0.101883456,-0.1098564,-0.121951245,-0.06815605,0.15308128,-0.015775543,-0.0024929082,0.03304459,-0.20605914,0.075173944,-0.008743718,0.04520085,-0.03544578,-0.18463342,-0.041720137,-0.019010786,0.12703758,-0.04038893,-0.152666,-0.1750623
软卧车,0.1587182,0.107864596,0.094858915,-0.09763065,0.030204857,-0.08362104,0.12972336,0.13168518,-0.028192405,-0.12699792,-0.057646606,-0.029008161,0.11683864,-0.13620164,0.16182277,-0.17896265,0.15104315,-0.07192585,-0.16453134,-0.048465215,0.13724947,0.13554312,0.0059739775,0.09702627,-0.021979626,-0.086866766,0.005622823,-0.031113692,0.0094518075,-0.115081,-0.046450138,0.111976616,0.0845156,-0.0036531058,0.19381304,-0.06590008,-0.20091091,0.032415453,-0.053366188,0.13279767,0.10582563,-0.16464366,-0.038591783,-0.06725462,0.117059834,-0.010613238,-0.0455737,-0.1068123,0.05193958,0.108591154,0.023545014,-0.006287696,-0.09214413,0.14183709,-0.08895315,0.10197415,0.12253702,0.07654928,-0.12307595,0.11781106,-0.12163152,-0.037623115,0.120005414,-0.036812067,0.04793932,0.16139528,-0.031448063,0.12529336,-0.084466584,0.021431671,0.09828216,-0.008180039,-0.021657256,0.07842342,-0.031544894,0.11545044,0.12963358,0.15089369,0.044000592,0.012662458,-0.17193832,0.037307788,-0.055278283,-0.15554954,0.0033428154,0.11283833,0.09133362,-0.08567549,0.120061465,-0.11764666,-0.16061547,-0.0133104,-0.11819188,-0.0758021,-0.047274943,-0.052160345,-0.10708461,-0.082043126,0.019345514,0.12006228
轴位,-9.747345e-05,0.16403037,-0.034605134,-0.02525287,0.015688904,0.1690362,-0.13201666,-0.05501296,-0.1580002,-0.14566585,0.041629113,-0.015844814,0.059395816,-0.007496869,-0.00384002,-0.19741859,-0.08404462,-0.08562509,-0.10093331,-0.043626033,-0.017324725,-0.034269933,0.10463717,0.08420027,0.19509777,-0.12381221,-0.021109613,0.13429676,0.054379586,0.11975544,0.044748675,-0.058524605,-0.05919331,-0.10134292,0.06264489,0.041928694,-0.09332341,0.14539526,-0.034952685,0.15029503,0.0736634,-0.08164821,-0.15001395,0.10029494,-0.18081589,0.024476638,0.061312556,0.047736894,-0.09156491,0.007092236,-0.06258674,0.17963372,-0.0013789147,0.045003463,0.036163084,-0.00085944775,-0.18089706,0.1979471,-0.11446446,-0.17465952,0.118849665,-0.05130239,-0.1031075,-0.045260098,0.11014973,0.0048838626,-0.028643508,0.16113791,0.017760389,0.079867244,0.19238192,-0.09508538,-0.053359438,-0.1497889,-0.12893501,-0.12547342,-0.08181894,0.1010804,-0.060412623,-0.10170863,0.08851188,-0.003052716,0.013726704,0.0010088397,0.10101913,0.17717443,0.10195039,-0.06659907,-0.010320812,-0.029645631,-0.07038164,-0.06727399,0.098321855,-0.16044016,-0.17320395,-0.013454661,0.06456967,-0.079583496,0.04691026,0.0846975
轻轨车辆,-0.039664857,0.023043886,0.03918627,-0.18308648,0.007971639,0.0049299444,0.0028882546,0.17416202,0.06385597,-0.1892316,-0.0053569423,0.07390132,0.009307249,0.03725369,-0.11228272,-0.18293475,-0.15308955,-0.14215185,-0.059495002,-0.12064548,-0.0893412,0.19079883,0.021954505,-0.1942447,0.10846127,0.109255895,0.030822538,-0.08980235,-0.004718261,-0.12978227,-0.1488432,-0.10354828,0.12301341,-0.0034682197,-0.0018844504,0.15114462,0.025933169,-0.048106845,0.14042023,0.12463431,-0.017525539,-0.03333149,-0.099324815,-0.024477554,-0.13075045,0.0028417278,-0.07844493,0.13872097,0.19524862,-0.061816365,0.07831925,0.05384415,0.060292885,0.18068738,-0.049781222,-0.13109303,0.099964775,-0.028366884,-0.041036073,-0.14151931,0.031535577,-0.14559458,-0.07447946,-0.14314722,-0.0030458171,-0.040680524,0.121105134,0.15535821,-0.14981227,0.17454365,0.0076289326,-0.11001773,0.10345716,0.02318239,-0.026232213,0.05421674,0.059513923,0.11645856,0.2091733,0.049268108,0.027293136,0.006017152,0.08328512,-0.02992194,0.02264879,-0.06638818,-0.08088991,-0.1297509,0.045244463,-0.03602902,-0.057383567,0.10139058,-0.05450749,-0.02262662,-0.15366508,0.021544367,0.06599947,-0.14965534,0.045769215,-0.022045264
载重,-0.050709486,-0.08419676,-0.08432632,-0.10263008,0.007062181,0.00882371,0.11964098,0.005081778,-0.07866891,-0.0065382966,-0.050787594,0.029455196,0.11048759,0.046572406,0.13023111,0.07962474,-0.11200896,-0.07219272,-0.002891534,-0.17022385,-0.0013814087,-0.120365426,-0.021107784,0.06166445,0.042120047,0.13231318,-0.07905202,0.09982059,0.17105271,0.08598173,-0.12210792,0.03623856,-0.11810305,-0.16855095,0.046358824,0.09558322,-0.14560302,-0.17632647,-0.007503245,0.096285984,0.017594386,-0.015168767,0.0039459327,-0.11020577,0.14146887,0.19507867,0.08981628,0.09765862,-0.06727076,0.15444678,-0.048773058,0.18621945,-0.023393475,-0.13408963,0.16202371,0.048643142,-0.07452841,0.07928158,0.010250738,0.061379097,-0.028084146,-0.20438506,-0.083797336,-0.06825882,0.038504545,0.18731388,0.053523794,0.17947638,-0.15395357,0.16739316,0.08551191,-0.092710465,0.052536447,-0.12559104,-0.0730045,0.07369503,0.07794404,-0.018242016,-0.028957078,-0.13320222,0.035759747,-0.04523023,-0.00591549,0.040160976,0.13398592,0.17088406,-0.04818599,0.040109873,0.0078043807,-0.090843014,0.07310872,0.05787716,0.122584,0.10074869,0.008857914,0.03258576,-0.103115685,-0.18236512,-0.11034295,-0.1478006
通过最小曲线半径,-0.1422602,0.023433572,-0.009424268,-0.10750902,-0.07465588,0.045450047,-0.12043843,0.027317,-0.15168135,0.094462246,-0.184795,-0.078269035,0.15926597,0.07019038,0.11915982,0.10078595,0.0791134,-0.0753013,0.13001662,-0.08679379,0.15521246,0.08951589,-0.0512978,-0.14444785,-0.027269702,0.07757848,-0.08896065,0.00812459,0.03974544,0.04355843,-0.07759598,0.17574707,0.10030006,0.05634623,0.08567074,-0.06246683,-0.10430985,-0.15911308,0.013319391,0.12592693,0.039908256,-0.11076868,0.11784355,0.09663876,-0.09695164,0.10425295,0.088134244,0.116446264,0.049348738,0.18149349,0.037987854,0.09017833,0.17824204,0.1555945,-0.048838478,-0.115390286,0.00053986505,-0.083881974,-0.09653617,-0.080763444,0.09363976,-0.014374632,-0.09118771,-0.019596154,0.182439,0.0036692186,0.10560599,0.017617067,0.004182364,-0.011661332,-0.12338034,-0.024366783,0.020096451,0.07527024,0.02704937,-0.0015243903,-0.120011315,-0.12550959,0.06298287,-0.16731694,0.028637562,-0.01093128,-0.15082279,0.04712584,-0.10136296,-0.009218541,0.006157014,-0.15151103,-0.14870168,0.1377373,-0.1862887,0.03850195,-0.12038243,0.12132635,-0.11399449,-0.044016585,0.15861714,0.013552876,-0.14825091,-0.022408064
铁道车辆,-0.15959725,0.13610561,-0.13364033,-0.10590362,0.056825504,-0.13079534,0.03511313,-0.08535167,0.011604037,-0.108261935,-0.14053486,-0.17777555,0.050522216,0.05611204,-0.11206139,-0.01110147,-0.017904395,0.14044008,0.08070669,0.051502682,0.007881537,-0.15546256,0.093182504,-0.083273254,0.07782633,-0.094792135,0.0501863,0.14156969,0.18516847,-0.08994386,0.00066508533,-0.015331146,0.086043276,0.10964888,-0.023277506,-0.15867336,-0.02046017,0.10564177,0.042769082,0.004870336,0.12624162,-0.018201975,0.116467476,-0.11374347,-0.11352445,-0.0115394825,0.07884893,0.083898835,0.07448889,0.1529399,0.15824232,0.043581914,0.10539042,-0.13891931,-0.08959907,0.044241507,0.15920101,0.07395723,-0.03973803,0.02278084,-0.12332124,-0.08879924,-0.028699983,-0.042327315,0.14924413,-0.10699573,-0.11559475,-0.08165457,-0.060707867,0.054453976,-0.07216868,0.057735156,0.101043686,0.118159585,-0.023322277,-0.09851549,-0.01800577,0.13379133,-0.027569883,-0.1356658,0.11837129,-0.034440883,-0.024519933,-0.09980974,0.13918537,-0.057221044,0.17230895,-0.16924006,-0.006583042,0.16804127,-0.1884348,0.006969037,0.051844902,-0.15987629,-0.04921589,-0.051017098,-0.11191919,-0.025817018,-0.10049291,-0.12959708
集装箱车,0.073074825,-0.046471555,-0.17635302,-0.018173872,-0.09522227,-0.14523154,-0.09475188,0.20313627,0.00495352,0.05671459,-0.09428459,-0.17537266,0.0075076018,0.004289989,0.0006169455,-0.14747441,-0.16495375,0.15499343,0.12997426,-0.01752437,-0.025835302,-0.0035578662,0.15170039,-0.15912363,-0.040129323,-0.07136063,-0.11931969,-0.06886187,0.11712472,-0.06474391,-0.05097386,0.1999927,0.018841496,-0.019622799,0.0071983184,0.127899,0.013337808,-0.183439,-0.10008115,-0.112860166,-0.08929358,-0.041716173,0.09708334,0.09980854,-0.038980175,0.057918537,0.07546654,-0.015286184,0.024999386,-0.07397926,0.15087835,0.035235837,0.035507694,-0.027268788,-0.012749233,0.12136859,-0.08954093,0.18423556,-0.114556514,-0.0047577885,0.026031652,-0.05639812,-0.11098948,-0.08375824,0.06869135,0.061157454,0.036414713,0.15752746,-0.19445185,0.14618403,-0.025798623,-0.03636569,-0.09559244,0.036146346,-0.032947462,-0.0916686,0.104627155,0.07364172,0.1866937,0.08285862,-0.14303774,0.0724315,-0.10932793,0.0038210931,-0.08459974,0.15603574,0.16415443,0.0013316645,0.022218926,0.18098931,-0.043476954,0.0010551814,0.06421298,0.011861985,-0.08156103,-0.043091707,-0.022106867,-0.16553394,-0.12676422,0.10768863
餐车,-0.17743735,0.019548358,-0.018280188,0.14790356,0.11144538,-0.040114786,0.023922566,-0.058945023,-0.048658144,-0.14568898,-0.06156899,-0.06694916,0.053912934,0.099613115,0.10926733,-0.19137545,0.07144534,0.07052085,-0.011497343,-0.12649095,0.14012161,-0.07284492,-0.026692204,-0.13526005,0.09764976,-0.062359404,-0.09593065,0.18320762,-0.036499858,0.13341404,0.10873707,0.16102694,-0.14689377,0.0371125,0.13942921,0.10364314,-0.020201154,-0.1472108,-0.13663921,0.06270585,0.11639133,-0.05846358,-0.036330648,-0.11870139,-0.16002601,0.090911545,-0.021518122,-0.09774191,-0.012219815,-0.13090248,-0.07625388,0.12947053,0.052581828,0.06780756,0.0687441,-0.08525724,-0.067276,0.12420864,0.10277053,-0.06513831,-0.0660818,0.033121474,0.14015076,-0.050221354,-0.07725976,-0.07198349,0.11327499,-0.12850353,-0.07461739,0.12664306,0.077169135,0.058084764,0.101073645,0.03951884,-0.12891707,-0.11029143,0.14990704,0.08089088,0.15832955,0.12560001,-0.15596575,-0.018983644,-0.09395652,0.01464368,0.17129266,-0.06904387,0.035243854,-0.14690682,-0.003909203,-0.017279739,0.020999776,0.06214073,-0.11398862,0.086346835,-0.10842841,-0.09051965,0.14307506,-0.08925635,-0.07286077,-0.0662714
高速客车,0.045843642,-0.12520368,-0.06794687,-0.1567163,0.020468235,-0.09674519,-0.010689554,-0.05101899,-0.065311484,-0.08851552,0.0823912,-0.02689967,0.057102762,-0.18137427,0.14657046,0.10709547,0.04372503,0.094266355,-0.13388109,-0.14322212,0.15944953,-0.0396557,0.08722211,0.06300847,-0.037710566,0.01265806,0.013728306,0.051436998,-0.016531587,0.043315988,-0.16288838,0.13468394,-0.14979334,0.06444226,0.07429391,-0.09800391,0.061329424,0.0802804,0.18274073,-0.045104112,-0.087336,-0.16352682,0.14774962,0.1325414,-0.07048581,0.16271393,-0.05707169,0.06245197,0.11472364,-0.07814205,0.051390722,0.0952143,0.051230807,-0.12871571,0.11019917,0.13500656,0.13388906,0.06389994,-0.10667088,-0.070639536,0.08320625,-0.023467505,0.054308843,-0.029239211,0.1659763,-0.065235734,0.15169472,0.049392223,-0.0033721502,0.10135215,-0.0068889507,-0.044613164,-0.015913561,-0.19135141,-0.1404889,-0.10886725,-0.06468975,0.13690877,-0.07546509,0.03733895,-0.028392227,-0.0699193,-0.00055510417,-0.11199182,-0.10653723,0.08158169,0.055782676,0.03317128,-0.14007573,0.11717753,0.08307459,0.10473017,-0.14166778,0.14752176,-0.13610186,-0.1385374,0.097174406,-0.15429223,-0.087200604,-0.05232925
